-- MySQL dump 10.13  Distrib 5.5.58, for Linux (x86_64)
--
-- Host: localhost    Database: kakeibo
-- ------------------------------------------------------
-- Server version	5.5.58

/*!40101 SET @OLD_CHARACTER_SET_CLIENT=@@CHARACTER_SET_CLIENT */;
/*!40101 SET @OLD_CHARACTER_SET_RESULTS=@@CHARACTER_SET_RESULTS */;
/*!40101 SET @OLD_COLLATION_CONNECTION=@@COLLATION_CONNECTION */;
/*!40101 SET NAMES utf8 */;
/*!40103 SET @OLD_TIME_ZONE=@@TIME_ZONE */;
/*!40103 SET TIME_ZONE='+00:00' */;
/*!40014 SET @OLD_UNIQUE_CHECKS=@@UNIQUE_CHECKS, UNIQUE_CHECKS=0 */;
/*!40014 SET @OLD_FOREIGN_KEY_CHECKS=@@FOREIGN_KEY_CHECKS, FOREIGN_KEY_CHECKS=0 */;
/*!40101 SET @OLD_SQL_MODE=@@SQL_MODE, SQL_MODE='NO_AUTO_VALUE_ON_ZERO' */;
/*!40111 SET @OLD_SQL_NOTES=@@SQL_NOTES, SQL_NOTES=0 */;

--
-- Table structure for table `expenses`
--

DROP TABLE IF EXISTS `expenses`;
/*!40101 SET @saved_cs_client     = @@character_set_client */;
/*!40101 SET character_set_client = utf8 */;
CREATE TABLE `expenses` (
  `e_id` char(3) NOT NULL,
  `e_name` varchar(255) NOT NULL,
  `e_cate_id` char(3) NOT NULL,
  PRIMARY KEY (`e_id`)
) ENGINE=InnoDB DEFAULT CHARSET=utf8;
/*!40101 SET character_set_client = @saved_cs_client */;

--
-- Dumping data for table `expenses`
--

LOCK TABLES `expenses` WRITE;
/*!40000 ALTER TABLE `expenses` DISABLE KEYS */;
INSERT INTO `expenses` VALUES ('001','食品','E01'),('002','外食','E01'),('003','生活品','E02'),('004','衣類','E02'),('005','小説・マンガ','E03'),('006','本','E04'),('007','ネット学習関連','E04'),('008','旅費・交通費','E05'),('009','電気','E06'),('010','ガス','E06'),('011','水道','E06'),('012','CD・音楽','E03'),('013','文房具','E02'),('014','医療費','E07'),('015','ガジェット・電子パーツ','E03');
/*!40000 ALTER TABLE `expenses` ENABLE KEYS */;
UNLOCK TABLES;

--
-- Table structure for table `expenses_category`
--

DROP TABLE IF EXISTS `expenses_category`;
/*!40101 SET @saved_cs_client     = @@character_set_client */;
/*!40101 SET character_set_client = utf8 */;
CREATE TABLE `expenses_category` (
  `e_cate_id` char(3) NOT NULL,
  `e_cate_name` varchar(255) NOT NULL,
  PRIMARY KEY (`e_cate_id`)
) ENGINE=InnoDB DEFAULT CHARSET=utf8;
/*!40101 SET character_set_client = @saved_cs_client */;

--
-- Dumping data for table `expenses_category`
--

LOCK TABLES `expenses_category` WRITE;
/*!40000 ALTER TABLE `expenses_category` DISABLE KEYS */;
INSERT INTO `expenses_category` VALUES ('E01','食費'),('E02','生活費'),('E03','趣味'),('E04','技術'),('E05','旅費・交通費'),('E06','光熱費'),('E07','医療費');
/*!40000 ALTER TABLE `expenses_category` ENABLE KEYS */;
UNLOCK TABLES;

--
-- Table structure for table `main`
--

DROP TABLE IF EXISTS `main`;
/*!40101 SET @saved_cs_client     = @@character_set_client */;
/*!40101 SET character_set_client = utf8 */;
CREATE TABLE `main` (
  `ID` int(11) NOT NULL AUTO_INCREMENT,
  `date` datetime NOT NULL,
  `e_id` char(3) NOT NULL,
  `price` int(11) NOT NULL,
  PRIMARY KEY (`ID`)
) ENGINE=InnoDB AUTO_INCREMENT=1153 DEFAULT CHARSET=utf8;
/*!40101 SET character_set_client = @saved_cs_client */;

--
-- Dumping data for table `main`
--

LOCK TABLES `main` WRITE;
/*!40000 ALTER TABLE `main` DISABLE KEYS */;
INSERT INTO `main` VALUES (9,'1111-11-11 00:00:00','001',111),(10,'2018-07-31 00:00:00','001',470),(11,'2018-08-01 00:00:00','001',1080),(12,'2018-08-02 00:00:00','001',1020),(13,'2018-08-03 00:00:00','001',770),(14,'2018-07-30 00:00:00','001',1310),(17,'2018-08-06 00:00:00','001',600),(18,'2018-08-10 00:00:00','003',5800),(19,'2018-08-06 00:00:00','001',100),(20,'2018-08-05 00:00:00','001',1130),(21,'2018-08-09 00:00:00','001',1110),(22,'2018-08-04 00:00:00','001',750),(23,'2018-08-04 00:00:00','002',920),(24,'2018-08-09 00:00:00','005',900),(25,'2018-08-04 00:00:00','007',2400),(26,'2018-08-05 00:00:00','003',130),(27,'2018-08-05 00:00:00','003',130),(28,'2018-08-04 00:00:00','012',1200),(29,'2018-07-28 00:00:00','001',1500),(30,'2018-04-02 00:00:00','001',320),(31,'2018-04-25 00:00:00','001',480),(32,'2018-07-29 00:00:00','003',930),(33,'2018-07-23 00:00:00','001',240),(34,'2018-07-22 00:00:00','001',750),(35,'2018-07-21 00:00:00','001',1580),(36,'2018-07-21 00:00:00','001',670),(37,'2018-07-24 00:00:00','001',110),(38,'2018-07-29 00:00:00','001',320),(39,'2018-07-26 00:00:00','002',1460),(40,'2018-07-29 00:00:00','001',720),(41,'2018-07-29 00:00:00','003',320),(42,'2018-07-29 00:00:00','004',990),(43,'2018-07-28 00:00:00','005',1300),(44,'2018-07-28 00:00:00','012',1200),(45,'2018-07-17 00:00:00','001',230),(46,'2018-07-20 00:00:00','001',180),(47,'2018-07-20 00:00:00','001',1020),(48,'2018-07-20 00:00:00','001',130),(49,'2018-07-19 00:00:00','006',1220),(50,'2018-07-19 00:00:00','005',1300),(51,'2018-06-26 00:00:00','001',520),(52,'2018-06-25 00:00:00','001',450),(53,'2018-07-27 00:00:00','001',260),(54,'2018-07-24 00:00:00','001',210),(55,'2018-07-18 00:00:00','001',1380),(56,'2018-07-14 00:00:00','001',360),(57,'2018-07-19 00:00:00','001',110),(58,'2018-07-19 00:00:00','003',2140),(59,'2018-07-27 00:00:00','001',450),(60,'2018-07-15 00:00:00','001',170),(61,'2018-07-18 00:00:00','001',260),(62,'2018-07-12 00:00:00','001',450),(63,'2018-06-27 00:00:00','001',490),(64,'2018-07-20 00:00:00','001',340),(65,'2018-06-25 00:00:00','001',470),(66,'2018-06-26 00:00:00','001',330),(67,'2018-07-15 00:00:00','001',1300),(68,'2018-07-14 00:00:00','001',430),(69,'2018-07-14 00:00:00','004',890),(70,'2018-07-08 00:00:00','005',1810),(71,'2018-07-10 00:00:00','001',440),(72,'2018-07-13 00:00:00','001',660),(73,'2018-07-09 00:00:00','006',1940),(74,'2018-07-11 00:00:00','001',270),(75,'2018-07-14 00:00:00','001',620),(76,'2018-07-08 00:00:00','001',1340),(77,'2018-07-09 00:00:00','001',240),(78,'2018-07-09 00:00:00','001',280),(79,'2018-07-13 00:00:00','001',470),(80,'2018-07-08 00:00:00','004',1080),(81,'2018-02-28 00:00:00','001',450),(82,'2018-03-09 00:00:00','001',370),(83,'2018-03-07 00:00:00','001',490),(84,'2018-03-09 00:00:00','001',450),(85,'2018-03-09 00:00:00','001',450),(86,'2018-03-08 00:00:00','001',620),(87,'2018-03-07 00:00:00','001',410),(88,'2018-03-07 00:00:00','001',280),(89,'2018-03-06 00:00:00','001',470),(90,'2018-03-06 00:00:00','001',50),(91,'2018-03-05 00:00:00','001',1560),(92,'2018-02-26 00:00:00','001',1710),(93,'2018-03-02 00:00:00','001',450),(94,'2018-03-01 00:00:00','001',100),(95,'2018-07-09 00:00:00','001',450),(96,'2018-07-08 00:00:00','008',2460),(97,'2018-07-07 00:00:00','001',330),(98,'2018-07-07 00:00:00','001',300),(99,'2018-07-07 00:00:00','002',490),(100,'2018-07-08 00:00:00','002',600),(101,'2018-07-03 00:00:00','001',430),(102,'2018-07-07 00:00:00','008',12720),(103,'2018-07-05 00:00:00','001',460),(104,'2018-06-30 00:00:00','005',560),(105,'2018-06-30 00:00:00','001',580),(106,'2018-07-02 00:00:00','013',2160),(107,'2018-07-01 00:00:00','005',760),(108,'2018-07-06 00:00:00','001',630),(109,'2018-07-05 00:00:00','001',240),(110,'2018-07-05 00:00:00','001',310),(111,'2018-07-04 00:00:00','001',100),(112,'2018-07-04 00:00:00','001',450),(113,'2018-07-06 00:00:00','001',260),(114,'2018-07-05 00:00:00','001',490),(115,'2018-07-11 00:00:00','001',450),(116,'2018-06-25 00:00:00','001',200),(117,'2018-06-28 00:00:00','001',550),(118,'2018-06-28 00:00:00','001',310),(119,'2018-06-28 00:00:00','001',400),(120,'2018-06-27 00:00:00','001',1110),(121,'2018-03-03 00:00:00','001',440),(122,'2018-06-23 00:00:00','001',340),(123,'2018-07-01 00:00:00','001',600),(124,'2018-07-01 00:00:00','001',1300),(125,'2018-07-20 00:00:00','001',1320),(126,'2018-06-23 00:00:00','005',340),(127,'2018-06-29 00:00:00','001',420),(128,'2018-06-29 00:00:00','001',300),(129,'2018-07-02 00:00:00','001',310),(130,'2018-07-02 00:00:00','001',280),(131,'2018-07-18 00:00:00','001',390),(132,'2018-07-21 00:00:00','003',2380),(133,'2018-05-06 00:00:00','001',2290),(134,'2018-05-05 00:00:00','001',760),(135,'2018-05-07 00:00:00','001',400),(136,'2018-05-13 00:00:00','006',2790),(137,'2018-06-13 00:00:00','001',990),(138,'2018-06-17 00:00:00','001',450),(139,'2018-06-23 00:00:00','005',50),(140,'2018-06-07 00:00:00','001',450),(141,'2018-06-20 00:00:00','001',380),(142,'2018-06-21 00:00:00','001',450),(143,'2018-03-29 00:00:00','001',240),(144,'2018-06-22 00:00:00','003',540),(145,'2018-05-13 00:00:00','003',320),(146,'2018-04-29 00:00:00','001',2380),(147,'2018-05-14 00:00:00','001',470),(148,'2018-06-02 00:00:00','006',6670),(149,'2018-05-04 00:00:00','004',3500),(150,'2018-05-01 00:00:00','001',260),(151,'2018-05-24 00:00:00','001',240),(152,'2018-05-12 00:00:00','001',220),(153,'2018-06-02 00:00:00','003',620),(154,'2018-05-31 00:00:00','003',2890),(155,'2018-05-28 00:00:00','001',610),(156,'2018-06-02 00:00:00','001',720),(157,'2018-06-03 00:00:00','001',450),(158,'2018-06-04 00:00:00','001',610),(159,'2018-06-05 00:00:00','001',380),(160,'2018-06-07 00:00:00','001',390),(161,'2018-06-09 00:00:00','001',910),(162,'2018-06-13 00:00:00','001',480),(163,'2018-05-19 00:00:00','003',400),(164,'2018-05-18 00:00:00','013',260),(165,'2018-05-28 00:00:00','001',100),(166,'2018-05-09 00:00:00','001',320),(167,'2018-06-03 00:00:00','001',320),(168,'2018-06-22 00:00:00','001',330),(169,'2018-05-30 00:00:00','001',410),(170,'2018-05-03 00:00:00','013',640),(171,'2018-05-02 00:00:00','001',210),(172,'2018-05-20 00:00:00','004',4270),(173,'2018-06-21 00:00:00','001',690),(174,'2018-05-06 00:00:00','001',220),(175,'2018-06-19 00:00:00','001',130),(176,'2018-05-20 00:00:00','001',300),(177,'2018-06-21 00:00:00','001',400),(178,'2018-06-20 00:00:00','001',170),(179,'2018-05-26 00:00:00','004',1490),(180,'2018-06-18 00:00:00','001',530),(181,'2018-06-18 00:00:00','001',940),(182,'2018-06-09 00:00:00','001',210),(183,'2018-05-29 00:00:00','001',100),(184,'2018-05-18 00:00:00','001',390),(185,'2018-05-16 00:00:00','001',1690),(186,'2018-06-23 00:00:00','001',220),(187,'2018-05-27 00:00:00','001',860),(188,'2018-05-20 00:00:00','001',1880),(189,'2018-05-26 00:00:00','001',230),(190,'2018-05-18 00:00:00','001',360),(191,'2018-05-11 00:00:00','001',410),(192,'2018-05-11 00:00:00','001',210),(193,'2018-05-22 00:00:00','001',1040),(194,'2018-05-15 00:00:00','001',150),(195,'2018-06-24 00:00:00','001',390),(196,'2018-04-29 00:00:00','013',830),(197,'2018-06-15 00:00:00','001',380),(198,'2018-05-11 00:00:00','001',1400),(199,'2018-05-17 00:00:00','001',210),(200,'2018-05-21 00:00:00','001',900),(201,'2018-06-14 00:00:00','001',380),(202,'2018-06-02 00:00:00','002',350),(203,'2018-05-22 00:00:00','001',330),(204,'2018-06-22 00:00:00','001',360),(205,'2018-06-23 00:00:00','001',80),(206,'2018-05-24 00:00:00','001',260),(207,'2018-05-15 00:00:00','002',300),(208,'2018-06-22 00:00:00','001',180),(209,'2018-05-26 00:00:00','003',970),(210,'2018-06-16 00:00:00','001',450),(211,'2018-06-14 00:00:00','001',380),(212,'2018-05-15 00:00:00','001',290),(213,'2018-05-09 00:00:00','001',290),(214,'2018-04-10 00:00:00','001',310),(215,'2018-04-13 00:00:00','001',470),(216,'2018-04-12 00:00:00','001',140),(217,'2018-03-19 00:00:00','001',240),(218,'2018-03-20 00:00:00','001',970),(219,'2018-03-19 00:00:00','001',450),(220,'2018-03-21 00:00:00','001',1590),(221,'2018-04-10 00:00:00','001',310),(222,'2018-04-14 00:00:00','001',290),(223,'2018-04-14 00:00:00','003',640),(224,'2018-04-11 00:00:00','001',370),(225,'2018-04-14 00:00:00','001',2360),(226,'2018-04-20 00:00:00','001',380),(227,'2018-03-20 00:00:00','001',590),(228,'2018-04-04 00:00:00','001',540),(229,'2018-05-28 00:00:00','001',1630),(230,'2018-02-25 00:00:00','002',1390),(231,'2018-02-20 00:00:00','001',410),(232,'2018-02-23 00:00:00','001',210),(233,'2018-02-18 00:00:00','003',1760),(234,'2018-02-19 00:00:00','001',690),(235,'2018-02-16 00:00:00','001',260),(236,'2018-02-11 00:00:00','001',580),(237,'2018-02-23 00:00:00','001',250),(238,'2018-02-16 00:00:00','001',380),(239,'2018-02-12 00:00:00','002',400),(240,'2018-02-22 00:00:00','002',390),(241,'2018-02-22 00:00:00','001',400),(242,'2018-02-20 00:00:00','001',100),(243,'2018-02-18 00:00:00','001',640),(244,'2018-02-26 00:00:00','002',980),(245,'2018-02-25 00:00:00','001',670),(246,'2018-02-25 00:00:00','001',1510),(247,'2018-02-17 00:00:00','001',5380),(248,'2018-02-17 00:00:00','002',150),(249,'2018-02-13 00:00:00','001',1040),(250,'2018-02-18 00:00:00','001',330),(251,'2018-02-22 00:00:00','001',320),(252,'2018-02-18 00:00:00','003',110),(253,'2018-02-18 00:00:00','001',440),(254,'2018-02-18 00:00:00','003',2480),(255,'2018-02-05 00:00:00','001',1420),(256,'2018-02-09 00:00:00','001',100),(257,'2018-02-04 00:00:00','002',500),(258,'2018-02-03 00:00:00','002',410),(259,'2018-02-02 00:00:00','001',910),(260,'2018-02-05 00:00:00','001',480),(261,'2018-02-02 00:00:00','001',350),(262,'2018-02-01 00:00:00','003',1030),(263,'2018-02-11 00:00:00','004',1190),(264,'2018-02-11 00:00:00','001',1350),(265,'2018-01-31 00:00:00','001',320),(266,'2018-01-31 00:00:00','002',250),(267,'2018-01-30 00:00:00','001',450),(268,'2018-01-30 00:00:00','001',250),(269,'2018-01-29 00:00:00','001',100),(270,'2018-01-27 00:00:00','006',8510),(271,'2018-02-06 00:00:00','001',450),(272,'2018-02-08 00:00:00','006',8900),(273,'2018-02-24 00:00:00','003',1370),(274,'2018-02-25 00:00:00','001',300),(275,'2018-02-25 00:00:00','001',100),(276,'2018-03-18 00:00:00','003',1270),(277,'2018-03-18 00:00:00','003',320),(278,'2018-02-25 00:00:00','001',280),(279,'2018-02-15 00:00:00','001',350),(280,'2018-02-03 00:00:00','006',1400),(281,'2018-02-12 00:00:00','002',480),(282,'2018-01-27 00:00:00','002',240),(283,'2018-02-11 00:00:00','001',400),(284,'2018-01-04 00:00:00','003',6400),(285,'2018-01-04 00:00:00','001',790),(286,'2018-01-18 00:00:00','002',570),(287,'2018-01-17 00:00:00','001',1230),(288,'2018-01-19 00:00:00','001',260),(289,'2018-01-16 00:00:00','001',450),(290,'2018-01-15 00:00:00','001',380),(291,'2018-01-12 00:00:00','001',1490),(292,'2018-01-10 00:00:00','001',1180),(293,'2018-01-12 00:00:00','001',450),(294,'2018-01-10 00:00:00','001',100),(295,'2018-01-08 00:00:00','001',210),(296,'2018-01-09 00:00:00','001',210),(297,'2018-01-11 00:00:00','001',100),(298,'2018-01-14 00:00:00','003',3570),(299,'2018-01-15 00:00:00','001',510),(300,'2018-01-09 00:00:00','001',320),(301,'2018-01-07 00:00:00','001',300),(302,'2018-01-07 00:00:00','006',680),(303,'2018-01-06 00:00:00','001',110),(304,'2018-01-04 00:00:00','001',1000),(305,'2018-01-07 00:00:00','001',1100),(306,'2018-01-04 00:00:00','003',200),(307,'2018-01-13 00:00:00','003',470),(308,'2018-01-14 00:00:00','001',510),(309,'2018-01-27 00:00:00','001',3420),(310,'2018-03-18 00:00:00','001',1190),(311,'2018-01-08 00:00:00','002',430),(312,'2018-01-19 00:00:00','001',320),(313,'2018-01-17 00:00:00','001',110),(314,'2018-01-17 00:00:00','001',380),(315,'2018-01-19 00:00:00','001',450),(316,'2018-01-15 00:00:00','001',280),(317,'2017-12-03 00:00:00','001',100),(318,'2017-11-26 00:00:00','001',520),(319,'2017-11-27 00:00:00','001',530),(320,'2017-11-27 00:00:00','001',100),(321,'2017-11-29 00:00:00','002',180),(322,'2017-12-06 00:00:00','001',380),(323,'2017-12-07 00:00:00','001',490),(324,'2017-12-08 00:00:00','001',370),(325,'2017-12-05 00:00:00','001',250),(326,'2017-12-08 00:00:00','002',8770),(327,'2017-12-08 00:00:00','001',310),(328,'2018-01-17 00:00:00','001',210),(329,'2107-11-23 00:00:00','001',380),(330,'2017-12-01 00:00:00','001',380),(331,'2017-11-27 00:00:00','001',400),(332,'2017-12-03 00:00:00','006',3220),(333,'2017-12-01 00:00:00','001',100),(334,'2017-12-03 00:00:00','005',1230),(335,'2017-11-29 00:00:00','001',380),(336,'2017-12-03 00:00:00','001',1050),(337,'2017-12-03 00:00:00','001',520),(338,'2017-11-30 00:00:00','001',270),(339,'2017-12-03 00:00:00','001',100),(340,'2017-12-03 00:00:00','001',100),(341,'2017-11-30 00:00:00','003',9720),(342,'2017-11-26 00:00:00','003',2230),(343,'2017-11-25 00:00:00','001',3060),(344,'2017-11-25 00:00:00','001',480),(345,'2017-11-25 00:00:00','003',110),(346,'2017-11-25 00:00:00','002',390),(347,'2017-11-25 00:00:00','006',3890),(348,'2017-11-19 00:00:00','001',120),(349,'2017-11-24 00:00:00','001',410),(350,'2017-11-25 00:00:00','001',80),(351,'2017-11-29 00:00:00','002',410),(352,'2017-12-03 00:00:00','001',1640),(353,'2017-12-03 00:00:00','001',940),(354,'2017-12-03 00:00:00','003',270),(355,'2017-11-23 00:00:00','001',210),(356,'2017-11-21 00:00:00','001',280),(357,'2017-11-21 00:00:00','001',470),(358,'2017-11-22 00:00:00','001',270),(359,'2017-11-22 00:00:00','001',450),(360,'2017-11-21 00:00:00','001',110),(361,'2017-11-23 00:00:00','001',670),(362,'2017-11-18 00:00:00','001',280),(363,'2017-11-19 00:00:00','001',750),(364,'2017-11-15 00:00:00','001',170),(365,'2017-10-26 00:00:00','003',3890),(366,'2017-11-20 00:00:00','001',100),(367,'2017-11-16 00:00:00','001',100),(368,'2017-11-16 00:00:00','001',450),(369,'2017-11-20 00:00:00','001',450),(370,'2017-10-21 00:00:00','001',210),(371,'2017-11-17 00:00:00','002',750),(372,'2017-11-12 00:00:00','004',2990),(373,'2017-11-06 00:00:00','002',6310),(374,'2017-11-05 00:00:00','003',900),(375,'2017-11-12 00:00:00','004',12960),(376,'2017-11-12 00:00:00','003',410),(377,'2017-11-14 00:00:00','001',2290),(378,'2017-11-15 00:00:00','001',310),(379,'2017-11-14 00:00:00','001',100),(380,'2017-11-12 00:00:00','003',110),(381,'2017-11-12 00:00:00','001',470),(382,'2017-11-12 00:00:00','004',1080),(383,'2017-11-12 00:00:00','001',1600),(384,'2017-11-11 00:00:00','001',450),(385,'2017-11-10 00:00:00','001',310),(386,'2017-11-07 00:00:00','001',1240),(387,'2017-11-09 00:00:00','001',450),(388,'2017-11-08 00:00:00','001',320),(389,'2017-11-07 00:00:00','001',320),(390,'2017-11-07 00:00:00','001',270),(391,'2017-11-12 00:00:00','002',460),(392,'2017-11-12 00:00:00','003',320),(393,'2017-11-13 00:00:00','001',530),(394,'2017-10-21 00:00:00','002',350),(395,'2017-10-26 00:00:00','001',380),(396,'2017-10-25 00:00:00','001',320),(397,'2017-10-21 00:00:00','001',370),(398,'2017-10-23 00:00:00','001',220),(399,'2017-10-23 00:00:00','005',1020),(400,'2017-10-28 00:00:00','001',200),(401,'2017-10-28 00:00:00','002',2300),(402,'2017-10-27 00:00:00','001',750),(403,'2017-10-26 00:00:00','001',580),(404,'2017-10-24 00:00:00','001',280),(405,'2017-10-25 00:00:00','001',490),(406,'2017-10-23 00:00:00','001',1070),(407,'2017-10-23 00:00:00','001',210),(408,'2017-10-29 00:00:00','003',650),(409,'2017-11-03 00:00:00','001',330),(410,'2017-11-02 00:00:00','001',300),(411,'2017-10-31 00:00:00','001',470),(412,'2017-10-30 00:00:00','001',1760),(413,'2017-10-30 00:00:00','001',340),(414,'2017-11-04 00:00:00','001',1110),(415,'2017-11-14 00:00:00','001',170),(416,'2017-10-29 00:00:00','001',790),(417,'2017-11-03 00:00:00','001',960),(418,'2017-12-04 00:00:00','001',110),(419,'2017-12-04 00:00:00','001',200),(420,'2017-12-11 00:00:00','001',490),(421,'2017-12-11 00:00:00','013',1080),(422,'2017-12-04 00:00:00','001',1210),(423,'2017-12-10 00:00:00','002',260),(424,'2017-12-16 00:00:00','003',140),(425,'2017-12-16 00:00:00','003',600),(426,'2017-12-16 00:00:00','002',450),(427,'2017-12-16 00:00:00','004',3080),(428,'2017-12-16 00:00:00','003',1080),(429,'2017-12-14 00:00:00','001',380),(430,'2017-12-14 00:00:00','001',400),(431,'2017-12-12 00:00:00','003',110),(432,'2017-12-17 00:00:00','006',2590),(433,'2017-12-23 00:00:00','001',170),(434,'2017-12-24 00:00:00','002',680),(435,'2017-12-19 00:00:00','001',540),(436,'2017-12-22 00:00:00','001',490),(437,'2017-12-26 00:00:00','001',310),(438,'2017-12-26 00:00:00','001',250),(439,'2017-12-26 00:00:00','001',470),(440,'2017-12-18 00:00:00','001',170),(441,'2017-12-17 00:00:00','001',1490),(442,'2017-12-17 00:00:00','002',350),(443,'2017-12-17 00:00:00','001',680),(444,'2017-12-21 00:00:00','001',110),(445,'2017-12-17 00:00:00','003',650),(446,'2017-12-27 00:00:00','001',320),(447,'2017-12-17 00:00:00','001',1850),(448,'2017-12-25 00:00:00','001',390),(449,'2017-12-21 00:00:00','001',260),(450,'2017-12-23 00:00:00','001',130),(451,'2017-12-22 00:00:00','001',420),(452,'2017-12-19 00:00:00','003',2140),(453,'2017-12-27 00:00:00','001',410),(454,'2017-12-12 00:00:00','001',100),(455,'2017-12-12 00:00:00','002',500),(456,'2017-12-12 00:00:00','001',330),(457,'2017-12-17 00:00:00','002',950),(458,'2017-12-27 00:00:00','001',310),(459,'2017-12-27 00:00:00','001',210),(460,'2017-12-15 00:00:00','001',280),(461,'2018-03-15 00:00:00','001',425),(462,'2017-12-09 00:00:00','001',1200),(463,'0000-00-00 00:00:00','001',430),(464,'2018-01-02 00:00:00','002',480),(465,'2017-12-28 00:00:00','001',320),(466,'2017-12-29 00:00:00','001',330),(467,'2017-12-22 00:00:00','001',110),(468,'2017-12-29 00:00:00','001',200),(469,'2018-03-14 00:00:00','001',940),(470,'2018-01-03 00:00:00','001',2640),(471,'2018-01-20 00:00:00','002',500),(472,'2018-01-23 00:00:00','001',380),(473,'2018-01-23 00:00:00','001',390),(474,'2018-01-22 00:00:00','001',450),(475,'2018-01-20 00:00:00','006',8510),(476,'2018-01-26 00:00:00','001',160),(477,'2018-01-22 00:00:00','001',470),(478,'2018-01-25 00:00:00','001',250),(479,'2017-12-27 00:00:00','006',220),(480,'2017-12-27 00:00:00','005',1510),(481,'2017-12-05 00:00:00','001',320),(482,'2018-01-20 00:00:00','001',240),(483,'2018-01-21 00:00:00','003',3260),(484,'2018-01-20 00:00:00','001',530),(485,'2018-01-25 00:00:00','001',100),(486,'2018-01-25 00:00:00','001',1140),(487,'2018-03-31 00:00:00','001',200),(488,'2018-03-31 00:00:00','004',7980),(489,'2018-03-31 00:00:00','006',3460),(490,'2018-03-31 00:00:00','004',2150),(491,'2018-03-24 00:00:00','006',3240),(492,'2018-03-28 00:00:00','001',280),(493,'2018-04-03 00:00:00','001',350),(494,'2018-03-31 00:00:00','001',180),(495,'2018-03-31 00:00:00','001',360),(496,'2018-03-26 00:00:00','001',760),(497,'2018-03-28 00:00:00','003',320),(498,'2018-04-01 00:00:00','001',1290),(499,'2018-04-01 00:00:00','003',590),(500,'2018-04-01 00:00:00','003',110),(501,'2018-03-23 00:00:00','001',260),(502,'2018-03-29 00:00:00','001',160),(503,'2018-04-03 00:00:00','001',200),(504,'2018-04-08 00:00:00','001',2640),(505,'2018-04-03 00:00:00','001',320),(506,'2018-12-09 00:00:00','001',1920),(507,'2018-04-22 00:00:00','006',1730),(508,'2018-04-23 00:00:00','001',500),(509,'2018-04-25 00:00:00','001',260),(510,'2018-04-26 00:00:00','001',450),(511,'2018-04-27 00:00:00','002',810),(512,'2018-04-27 00:00:00','001',350),(513,'2018-04-18 00:00:00','001',1340),(514,'2018-04-17 00:00:00','001',100),(515,'2018-03-30 00:00:00','001',250),(516,'2018-04-21 00:00:00','003',410),(517,'2018-04-21 00:00:00','001',2910),(518,'2018-04-18 00:00:00','003',160),(519,'2018-04-18 00:00:00','001',450),(520,'2018-04-22 00:00:00','001',980),(521,'2018-03-14 00:00:00','001',190),(522,'2018-04-15 00:00:00','003',320),(523,'2018-05-02 00:00:00','001',1380),(524,'2018-07-26 00:00:00','010',2570),(525,'2018-08-10 00:00:00','009',4830),(526,'2018-07-05 00:00:00','011',3190),(527,'2018-07-11 00:00:00','009',2780),(528,'2018-05-28 00:00:00','010',4400),(529,'2018-05-08 00:00:00','011',3640),(530,'2018-06-26 00:00:00','010',2840),(531,'2018-06-12 00:00:00','009',4370),(532,'2018-05-14 00:00:00','009',4320),(533,'2018-11-07 00:00:00','011',3110),(534,'2017-11-13 00:00:00','009',2340),(535,'2017-10-26 00:00:00','010',2260),(536,'2017-11-27 00:00:00','010',4820),(537,'2017-12-25 00:00:00','010',5410),(538,'2018-03-13 00:00:00','009',5380),(539,'2018-02-10 00:00:00','009',6180),(540,'2017-12-12 00:00:00','009',3110),(541,'2018-03-06 00:00:00','011',3780),(542,'2018-08-13 00:00:00','001',890),(543,'2018-08-17 00:00:00','001',450),(544,'2018-08-16 00:00:00','001',1090),(545,'2018-08-17 00:00:00','001',340),(546,'2018-08-17 00:00:00','001',190),(547,'2018-08-17 00:00:00','001',210),(548,'2018-08-12 00:00:00','001',510),(549,'2018-08-09 00:00:00','001',310),(550,'2018-08-14 00:00:00','001',440),(551,'2018-08-16 00:00:00','001',390),(552,'2018-08-16 00:00:00','001',390),(553,'2018-08-18 00:00:00','003',540),(554,'2018-02-08 00:00:00','015',6480),(555,'2017-12-17 00:00:00','015',3340),(556,'2017-12-17 00:00:00','015',380),(557,'2018-01-20 00:00:00','015',330),(558,'2018-01-20 00:00:00','015',755),(559,'2018-01-20 00:00:00','015',755),(560,'2018-01-20 00:00:00','015',755),(561,'2018-01-20 00:00:00','015',755),(562,'2018-01-20 00:00:00','015',755),(563,'2018-01-20 00:00:00','015',755),(564,'2018-01-20 00:00:00','015',755),(565,'2018-01-20 00:00:00','015',755),(566,'2018-01-20 00:00:00','015',755),(567,'2018-01-20 00:00:00','015',755),(568,'2018-01-20 00:00:00','015',380),(569,'2018-04-07 00:00:00','015',10580),(570,'2018-06-23 00:00:00','015',4420),(571,'2017-12-17 00:00:00','015',770),(572,'2017-12-10 00:00:00','015',190),(573,'2017-12-10 00:00:00','015',870),(574,'2017-12-03 00:00:00','015',2270),(575,'2017-12-10 00:00:00','015',4600),(576,'2017-12-10 00:00:00','015',670),(577,'2018-06-01 00:00:00','008',5050),(578,'2018-06-01 00:00:00','008',5450),(579,'2018-05-13 00:00:00','006',4950),(580,'2018-02-17 00:00:00','015',36720),(581,'2018-03-15 00:00:00','014',1050),(582,'2018-03-15 00:00:00','014',1320),(583,'2018-08-23 00:00:00','014',330),(584,'2018-08-23 00:00:00','014',3580),(585,'2018-08-19 00:00:00','002',1210),(586,'2018-08-19 00:00:00','001',320),(587,'2018-08-21 00:00:00','001',470),(588,'2018-08-21 00:00:00','001',450),(589,'2018-08-22 00:00:00','001',1140),(590,'2018-08-20 00:00:00','005',150),(591,'2018-08-24 00:00:00','001',470),(592,'2018-08-20 00:00:00','002',380),(593,'2018-08-19 00:00:00','001',480),(594,'2018-08-23 00:00:00','001',1210),(595,'2018-08-24 00:00:00','002',1210),(596,'2018-08-25 00:00:00','001',870),(597,'2018-08-23 00:00:00','001',450),(598,'1111-11-11 00:00:00','001',10),(599,'2018-08-22 00:00:00','001',130),(600,'2018-08-25 00:00:00','002',320),(601,'2018-08-25 00:00:00','006',3240),(602,'2018-08-25 00:00:00','006',1510),(603,'2018-08-28 00:00:00','001',120),(604,'2018-08-30 00:00:00','001',250),(605,'2018-08-28 00:00:00','010',2720),(606,'2018-08-29 00:00:00','001',130),(607,'2018-08-26 00:00:00','003',1460),(608,'2018-08-26 00:00:00','004',1290),(609,'2018-08-26 00:00:00','003',460),(610,'2018-08-22 00:00:00','001',410),(611,'2018-08-27 00:00:00','001',160),(612,'2018-08-27 00:00:00','001',200),(613,'2018-08-27 00:00:00','001',410),(614,'2018-08-28 00:00:00','001',130),(615,'2018-08-28 00:00:00','001',2440),(616,'2018-08-30 00:00:00','001',160),(617,'2018-08-30 00:00:00','001',590),(618,'2018-08-31 00:00:00','001',450),(619,'2018-08-31 00:00:00','001',260),(620,'2018-08-31 00:00:00','001',160),(621,'2018-08-08 00:00:00','001',450),(622,'2018-09-04 00:00:00','001',210),(623,'2018-09-05 00:00:00','002',3500),(624,'2018-09-07 00:00:00','001',470),(625,'2018-09-07 00:00:00','001',490),(626,'2018-09-04 00:00:00','001',270),(627,'2018-09-04 00:00:00','001',410),(628,'2018-09-06 00:00:00','001',580),(629,'2018-09-04 00:00:00','014',1840),(630,'2018-09-03 00:00:00','001',380),(631,'2018-09-02 00:00:00','001',240),(632,'2018-09-01 00:00:00','001',2450),(633,'2018-09-05 00:00:00','005',850),(634,'2018-09-01 00:00:00','005',700),(635,'2018-09-08 00:00:00','002',1100),(636,'2018-09-08 00:00:00','001',750),(637,'2018-09-08 00:00:00','003',520),(638,'2018-09-08 00:00:00','003',170),(639,'2018-09-09 00:00:00','001',450),(640,'2018-09-09 00:00:00','001',210),(641,'2018-09-06 00:00:00','011',3080),(642,'2018-09-10 00:00:00','001',810),(643,'2018-09-10 00:00:00','001',1210),(644,'2018-09-12 00:00:00','001',380),(645,'2018-09-13 00:00:00','001',380),(646,'2018-09-13 00:00:00','001',470),(647,'2018-09-11 00:00:00','001',650),(648,'2018-09-05 00:00:00','005',850),(649,'2018-09-04 00:00:00','005',820),(650,'2018-09-11 00:00:00','009',4740),(651,'2018-09-14 00:00:00','001',470),(652,'2018-09-15 00:00:00','001',260),(653,'2018-09-15 00:00:00','003',220),(654,'2018-09-15 00:00:00','003',2880),(655,'2018-09-15 00:00:00','006',900),(656,'2018-09-15 00:00:00','001',160),(657,'2018-09-21 00:00:00','001',400),(658,'2018-09-21 00:00:00','001',810),(659,'2018-09-23 00:00:00','001',900),(660,'2018-09-24 00:00:00','001',210),(661,'2018-09-24 00:00:00','001',430),(662,'2018-09-24 00:00:00','001',480),(663,'2018-09-19 00:00:00','001',220),(664,'2018-09-19 00:00:00','001',320),(665,'2018-09-20 00:00:00','001',450),(666,'2018-09-20 00:00:00','001',470),(667,'2018-09-22 00:00:00','001',320),(668,'2018-09-24 00:00:00','001',490),(669,'2018-09-17 00:00:00','001',650),(670,'2018-09-19 00:00:00','001',1880),(671,'2018-09-16 00:00:00','005',940),(672,'2018-09-22 00:00:00','012',2130),(673,'2018-09-17 00:00:00','001',2200),(674,'2018-09-11 00:00:00','005',860),(675,'2018-09-17 00:00:00','014',1860),(676,'2018-09-25 00:00:00','001',750),(677,'2018-09-27 00:00:00','001',650),(678,'2018-09-29 00:00:00','001',290),(679,'2018-09-29 00:00:00','001',1640),(680,'2018-09-29 00:00:00','001',610),(681,'2018-10-01 00:00:00','012',5180),(682,'2018-09-29 00:00:00','001',470),(683,'2018-09-28 00:00:00','001',410),(684,'2018-10-04 00:00:00','001',540),(685,'2018-09-27 00:00:00','001',560),(686,'2018-09-26 00:00:00','001',650),(687,'0000-00-00 00:00:00','001',470),(688,'2018-09-25 00:00:00','010',2030),(689,'2018-10-06 00:00:00','003',2370),(690,'2018-10-06 00:00:00','001',420),(691,'2018-10-09 00:00:00','001',450),(692,'2018-10-11 00:00:00','001',370),(693,'2018-10-07 00:00:00','001',560),(694,'2018-10-12 00:00:00','001',330),(695,'2018-10-08 00:00:00','004',3130),(696,'2018-10-07 00:00:00','001',140),(697,'2018-10-11 00:00:00','001',730),(698,'2018-10-09 00:00:00','001',220),(699,'2018-10-09 00:00:00','001',350),(700,'2018-10-14 00:00:00','005',860),(701,'2018-10-08 00:00:00','001',310),(702,'2018-10-08 00:00:00','001',450),(703,'2018-10-10 00:00:00','001',420),(704,'2018-10-11 00:00:00','001',330),(705,'2018-10-11 00:00:00','001',350),(706,'2018-10-12 00:00:00','001',780),(707,'2018-10-11 00:00:00','009',2530),(708,'2018-10-13 00:00:00','002',1410),(709,'2018-10-18 00:00:00','001',970),(710,'2018-10-19 00:00:00','001',260),(711,'2018-10-19 00:00:00','001',700),(712,'2018-10-21 00:00:00','001',570),(713,'2018-10-20 00:00:00','001',480),(714,'2018-10-20 00:00:00','001',490),(715,'2018-10-18 00:00:00','001',720),(716,'2018-10-17 00:00:00','001',470),(717,'2018-10-17 00:00:00','001',600),(718,'2018-10-18 00:00:00','001',350),(719,'2018-10-18 00:00:00','001',140),(720,'2018-10-18 00:00:00','001',460),(721,'2018-10-14 00:00:00','002',1480),(722,'2018-10-20 00:00:00','002',1500),(723,'2018-10-14 00:00:00','001',170),(724,'2018-10-14 00:00:00','006',2230),(725,'2018-10-13 00:00:00','001',450),(726,'2018-10-14 00:00:00','001',410),(727,'2018-10-12 00:00:00','005',300),(728,'2018-10-13 00:00:00','001',340),(729,'2018-10-15 00:00:00','001',430),(730,'2018-10-15 00:00:00','001',370),(731,'2018-10-16 00:00:00','001',510),(732,'2018-10-16 00:00:00','001',350),(733,'2018-10-10 00:00:00','014',1240),(734,'2018-10-10 00:00:00','014',1820),(735,'2018-10-22 00:00:00','003',320),(736,'2018-10-22 00:00:00','001',350),(737,'2018-10-22 00:00:00','013',300),(738,'2018-10-22 00:00:00','001',480),(739,'2018-10-22 00:00:00','001',340),(740,'2018-10-20 00:00:00','001',330),(741,'2018-10-25 00:00:00','001',580),(742,'2018-10-23 00:00:00','001',470),(743,'2018-10-24 00:00:00','001',360),(744,'2018-10-24 00:00:00','001',640),(745,'2018-10-26 00:00:00','001',490),(746,'2018-11-04 00:00:00','001',200),(747,'2018-11-04 00:00:00','001',630),(748,'2018-11-04 00:00:00','004',9880),(749,'2018-11-03 00:00:00','001',540),(750,'2018-11-03 00:00:00','002',850),(751,'2018-11-03 00:00:00','005',640),(752,'2018-11-03 00:00:00','001',450),(753,'2018-11-03 00:00:00','006',3370),(754,'2018-11-02 00:00:00','001',470),(755,'2018-11-03 00:00:00','001',380),(756,'2018-10-28 00:00:00','005',410),(757,'2018-11-01 00:00:00','001',580),(758,'2018-11-01 00:00:00','001',340),(759,'2018-10-31 00:00:00','001',490),(760,'2018-10-31 00:00:00','001',290),(761,'2018-10-31 00:00:00','001',80),(762,'2018-10-31 00:00:00','001',300),(763,'2018-10-31 00:00:00','001',260),(764,'2018-10-30 00:00:00','001',350),(765,'2018-10-28 00:00:00','001',1630),(766,'2018-10-28 00:00:00','001',470),(767,'2018-10-25 00:00:00','010',2470),(768,'2018-10-27 00:00:00','003',2880),(769,'2018-10-27 00:00:00','006',2570),(770,'2018-10-27 00:00:00','002',320),(771,'2018-10-27 00:00:00','006',5570),(772,'2018-10-27 00:00:00','002',630),(773,'2018-10-26 00:00:00','001',340),(774,'2018-10-22 00:00:00','001',600),(775,'2018-10-21 00:00:00','001',1550),(776,'2018-10-25 00:00:00','001',450),(777,'2018-10-15 00:00:00','014',1680),(778,'2018-11-04 00:00:00','001',490),(779,'2018-11-10 00:00:00','001',290),(780,'2018-11-10 00:00:00','003',3970),(781,'2018-11-09 00:00:00','006',3840),(782,'2018-11-09 00:00:00','001',450),(783,'2018-11-09 00:00:00','001',320),(784,'2018-11-08 00:00:00','001',360),(785,'2018-11-03 00:00:00','005',300),(786,'2018-11-07 00:00:00','001',560),(787,'2018-11-07 00:00:00','001',280),(788,'2018-11-06 00:00:00','002',820),(789,'2018-11-09 00:00:00','002',5000),(790,'0000-00-00 00:00:00','001',280),(791,'2018-11-05 00:00:00','001',210),(792,'2018-10-16 00:00:00','005',1250),(793,'2018-11-07 00:00:00','011',3110),(794,'2018-11-12 00:00:00','001',260),(795,'2018-11-08 00:00:00','001',300),(796,'2018-11-13 00:00:00','001',270),(797,'2018-11-13 00:00:00','001',300),(798,'2018-11-13 00:00:00','001',210),(799,'2018-11-13 00:00:00','001',450),(800,'2018-11-15 00:00:00','001',390),(801,'2018-11-15 00:00:00','001',480),(802,'2018-11-14 00:00:00','001',330),(803,'2018-11-14 00:00:00','001',640),(804,'2018-11-14 00:00:00','001',480),(805,'2018-11-12 00:00:00','009',2810),(806,'2018-11-11 00:00:00','005',170),(807,'2018-11-12 00:00:00','001',800),(808,'2018-11-12 00:00:00','001',380),(809,'2018-11-12 00:00:00','001',450),(810,'2018-11-12 00:00:00','001',200),(811,'2018-11-11 00:00:00','003',2460),(812,'2018-11-16 00:00:00','001',580),(813,'2018-11-11 00:00:00','001',290),(814,'2018-11-11 00:00:00','001',2010),(815,'2018-11-11 00:00:00','001',950),(816,'2018-11-10 00:00:00','001',490),(817,'2018-11-09 00:00:00','005',80),(818,'2018-11-19 00:00:00','001',180),(819,'2018-11-19 00:00:00','001',650),(820,'2018-11-20 00:00:00','001',510),(821,'2018-11-18 00:00:00','001',450),(822,'2018-11-18 00:00:00','001',1300),(823,'2018-11-18 00:00:00','001',1800),(824,'2018-11-17 00:00:00','001',470),(825,'2018-11-17 00:00:00','001',450),(826,'2018-11-17 00:00:00','001',490),(827,'2018-11-23 00:00:00','004',5380),(828,'2018-11-23 00:00:00','013',490),(829,'2018-11-23 00:00:00','001',590),(830,'2018-11-23 00:00:00','001',390),(831,'2018-11-23 00:00:00','006',1510),(832,'2018-11-22 00:00:00','001',270),(833,'2018-11-22 00:00:00','001',520),(834,'2018-11-21 00:00:00','001',210),(835,'2018-11-21 00:00:00','001',350),(836,'2018-11-21 00:00:00','001',450),(837,'2018-11-24 00:00:00','001',860),(838,'2018-11-25 00:00:00','001',130),(839,'2018-11-25 00:00:00','001',250),(840,'2018-11-25 00:00:00','001',680),(841,'2018-11-27 00:00:00','001',530),(842,'2018-11-25 00:00:00','001',250),(843,'2018-11-27 00:00:00','001',200),(844,'2018-11-28 00:00:00','001',590),(845,'2018-11-28 00:00:00','001',200),(846,'2018-11-28 00:00:00','001',300),(847,'2018-11-28 00:00:00','013',410),(848,'2018-11-30 00:00:00','001',450),(849,'2018-11-29 00:00:00','001',200),(850,'2018-11-29 00:00:00','001',390),(851,'2018-12-01 00:00:00','001',560),(852,'2018-11-29 00:00:00','001',200),(853,'2018-11-27 00:00:00','001',610),(854,'2018-11-27 00:00:00','010',3620),(855,'2018-11-26 00:00:00','001',110),(856,'2018-11-26 00:00:00','001',400),(857,'2018-11-26 00:00:00','001',560),(858,'2018-11-24 00:00:00','001',680),(859,'2018-11-26 00:00:00','001',540),(860,'2018-12-01 00:00:00','001',1290),(861,'2018-12-03 00:00:00','001',240),(862,'2018-12-02 00:00:00','001',590),(863,'2018-12-03 00:00:00','001',1050),(864,'0000-00-00 00:00:00','005',160),(865,'2018-12-03 00:00:00','001',200),(866,'2018-12-07 00:00:00','001',240),(867,'2018-12-06 00:00:00','005',250),(868,'2018-12-07 00:00:00','001',330),(869,'2018-12-06 00:00:00','001',1210),(870,'2018-12-06 00:00:00','001',150),(871,'2018-12-06 00:00:00','001',360),(872,'2018-12-04 00:00:00','005',250),(873,'2018-12-05 00:00:00','001',490),(874,'2018-12-05 00:00:00','001',170),(875,'2018-12-04 00:00:00','001',400),(876,'2018-12-04 00:00:00','001',470),(877,'2018-12-04 00:00:00','001',480),(878,'2018-12-01 00:00:00','013',300),(879,'2018-12-12 00:00:00','009',2950),(880,'2018-12-11 00:00:00','001',180),(881,'2018-12-14 00:00:00','001',790),(882,'2018-12-14 00:00:00','001',480),(883,'2018-12-12 00:00:00','005',260),(884,'2018-12-15 00:00:00','006',2590),(885,'2018-12-15 00:00:00','002',570),(886,'2018-12-10 00:00:00','005',340),(887,'2018-12-10 00:00:00','014',880),(888,'2018-12-11 00:00:00','001',1590),(889,'2018-12-10 00:00:00','005',170),(890,'2018-12-11 00:00:00','001',460),(891,'2018-12-10 00:00:00','001',260),(892,'2018-12-09 00:00:00','001',210),(893,'2018-12-08 00:00:00','001',2880),(894,'2018-12-10 00:00:00','005',90),(895,'2018-12-10 00:00:00','002',350),(896,'2018-12-14 00:00:00','001',440),(897,'2018-12-10 00:00:00','002',140),(898,'2018-12-11 00:00:00','014',1000),(899,'2018-12-15 00:00:00','002',310),(900,'2018-12-19 00:00:00','001',530),(901,'2018-12-21 00:00:00','001',890),(902,'2018-12-21 00:00:00','002',8000),(903,'2018-12-22 00:00:00','005',1280),(904,'2018-12-19 00:00:00','001',540),(905,'2018-12-19 00:00:00','001',350),(906,'2018-12-18 00:00:00','001',450),(907,'2018-12-17 00:00:00','001',970),(908,'2018-12-17 00:00:00','001',150),(909,'2018-12-16 00:00:00','001',1650),(910,'2018-12-20 00:00:00','001',300),(911,'2018-12-24 00:00:00','001',720),(912,'2018-12-23 00:00:00','002',870),(913,'2018-12-24 00:00:00','001',710),(914,'2018-12-26 00:00:00','001',700),(915,'2018-12-22 00:00:00','005',410),(916,'2018-12-22 00:00:00','002',930),(917,'2018-12-24 00:00:00','005',160),(918,'2018-12-26 00:00:00','001',320),(919,'2018-12-27 00:00:00','001',780),(920,'2018-12-28 00:00:00','005',90),(921,'2018-12-25 00:00:00','010',4330),(922,'2018-12-24 00:00:00','001',1900),(923,'2018-12-25 00:00:00','001',210),(924,'2018-12-22 00:00:00','006',1410),(925,'2018-12-26 00:00:00','001',700),(926,'2018-12-29 00:00:00','001',190),(927,'2018-12-29 00:00:00','014',650),(928,'2018-12-29 00:00:00','002',1300),(929,'2018-12-28 00:00:00','014',580),(930,'2018-12-30 00:00:00','004',430),(931,'2018-12-30 00:00:00','001',750),(932,'2018-12-26 00:00:00','005',110),(933,'2018-12-30 00:00:00','001',130),(934,'2018-12-31 00:00:00','001',2850),(935,'2018-01-03 00:00:00','003',180),(936,'2018-01-03 00:00:00','001',130),(937,'2018-01-03 00:00:00','008',1450),(938,'2018-01-02 00:00:00','001',29970),(939,'2018-01-02 00:00:00','013',300),(940,'2018-12-28 00:00:00','014',1280),(941,'2018-12-31 00:00:00','004',2990),(942,'2018-12-31 00:00:00','003',1300),(943,'2018-01-01 00:00:00','013',130),(944,'2018-01-02 00:00:00','013',290),(945,'2018-12-30 00:00:00','005',320),(946,'2018-01-06 00:00:00','001',860),(947,'2018-12-29 00:00:00','005',270),(948,'2018-01-11 00:00:00','001',260),(949,'2018-01-10 00:00:00','001',450),(950,'2018-01-11 00:00:00','001',110),(951,'2018-01-09 00:00:00','011',3490),(952,'2018-01-09 00:00:00','001',380),(953,'2018-01-08 00:00:00','001',540),(954,'2018-01-06 00:00:00','014',1380),(955,'2018-01-06 00:00:00','001',860),(956,'2018-01-06 00:00:00','001',440),(957,'2018-01-03 00:00:00','005',340),(958,'2018-01-12 00:00:00','009',7040),(959,'2018-01-14 00:00:00','001',390),(960,'2018-01-14 00:00:00','004',1080),(961,'2018-01-15 00:00:00','001',420),(962,'2018-01-16 00:00:00','001',310),(963,'2018-01-19 00:00:00','001',110),(964,'2018-01-19 00:00:00','005',670),(965,'2018-01-18 00:00:00','001',1100),(966,'2018-01-19 00:00:00','003',1190),(967,'2018-01-17 00:00:00','001',530),(968,'2018-01-17 00:00:00','001',450),(969,'2018-01-18 00:00:00','001',420),(970,'2018-01-15 00:00:00','001',110),(971,'2018-01-18 00:00:00','001',310),(972,'2018-01-18 00:00:00','005',1190),(973,'2018-01-15 00:00:00','001',370),(974,'2018-01-12 00:00:00','003',310),(975,'2018-01-12 00:00:00','001',1590),(976,'2018-01-12 00:00:00','013',3130),(977,'2018-01-12 00:00:00','006',1460),(978,'2018-01-12 00:00:00','001',1860),(979,'2018-01-13 00:00:00','005',830),(980,'2018-01-14 00:00:00','001',940),(981,'2018-01-19 00:00:00','001',310),(982,'2018-07-22 00:00:00','001',10),(983,'2019-01-26 00:00:00','014',1120),(984,'2019-01-26 00:00:00','014',1030),(985,'2018-01-26 00:00:00','014',390),(986,'2019-01-26 00:00:00','003',1980),(987,'2019-01-26 00:00:00','003',430),(988,'2019-01-26 00:00:00','003',520),(989,'2019-01-26 00:00:00','001',230),(990,'2019-01-22 00:00:00','001',250),(991,'2019-01-21 00:00:00','001',1560),(992,'2019-01-22 00:00:00','001',360),(993,'2019-01-22 00:00:00','001',430),(994,'2019-01-24 00:00:00','001',510),(995,'2019-01-23 00:00:00','001',470),(996,'2019-01-23 00:00:00','001',250),(997,'2019-01-23 00:00:00','001',390),(998,'2019-01-24 00:00:00','001',540),(999,'2019-01-24 00:00:00','001',160),(1000,'2019-01-21 00:00:00','001',360),(1001,'2019-01-25 00:00:00','001',480),(1002,'2019-01-25 00:00:00','001',570),(1003,'2019-01-24 00:00:00','001',380),(1004,'2019-01-28 00:00:00','001',380),(1005,'2019-01-29 00:00:00','001',480),(1006,'2019-01-29 00:00:00','001',100),(1007,'2019-01-29 00:00:00','001',160),(1008,'2019-01-29 00:00:00','001',420),(1009,'2019-01-27 00:00:00','001',1670),(1010,'2019-01-28 00:00:00','001',280),(1011,'2019-01-27 00:00:00','002',850),(1012,'2019-01-30 00:00:00','001',590),(1013,'2018-07-01 00:00:00','001',10),(1014,'2019-02-12 00:00:00','001',310),(1015,'0000-00-00 00:00:00','014',0),(1016,'2019-03-20 00:00:00','001',250),(1017,'2019-03-19 00:00:00','001',260),(1018,'2019-03-19 00:00:00','001',240),(1019,'2019-03-17 00:00:00','001',400),(1020,'2019-03-17 00:00:00','001',1080),(1021,'2019-03-17 00:00:00','001',730),(1022,'2019-03-15 00:00:00','002',4600),(1023,'2019-03-14 00:00:00','001',320),(1024,'2019-03-13 00:00:00','001',410),(1025,'2019-03-13 00:00:00','001',210),(1026,'2019-03-12 00:00:00','001',1130),(1027,'2019-03-12 00:00:00','006',3240),(1028,'2019-03-12 00:00:00','001',240),(1029,'2019-03-12 00:00:00','009',6250),(1030,'2019-03-12 00:00:00','001',390),(1031,'2019-03-11 00:00:00','001',450),(1032,'2019-03-10 00:00:00','001',1270),(1033,'2019-03-06 00:00:00','011',3160),(1034,'2019-03-07 00:00:00','001',380),(1035,'2019-03-03 00:00:00','012',410),(1036,'2019-03-08 00:00:00','003',220),(1037,'2019-03-07 00:00:00','001',450),(1038,'2019-03-05 00:00:00','001',230),(1039,'2019-03-05 00:00:00','006',6030),(1040,'2019-03-06 00:00:00','001',890),(1041,'2019-03-06 00:00:00','001',480),(1042,'2019-03-04 00:00:00','001',540),(1043,'2019-03-03 00:00:00','001',2760),(1044,'2019-03-03 00:00:00','003',350),(1045,'2019-02-25 00:00:00','010',4150),(1046,'2019-03-02 00:00:00','014',1030),(1047,'2019-03-02 00:00:00','014',1160),(1048,'2019-03-02 00:00:00','002',270),(1049,'2019-03-02 00:00:00','003',220),(1050,'2019-03-02 00:00:00','003',850),(1051,'2019-02-28 00:00:00','002',220),(1052,'2019-02-28 00:00:00','001',1430),(1053,'2019-02-28 00:00:00','001',610),(1054,'2019-02-28 00:00:00','001',570),(1055,'2019-02-28 00:00:00','001',210),(1056,'2019-02-28 00:00:00','001',410),(1057,'2019-02-27 00:00:00','001',410),(1058,'2019-02-27 00:00:00','001',300),(1059,'2019-02-26 00:00:00','001',140),(1060,'2019-02-25 00:00:00','001',1100),(1061,'2019-02-14 00:00:00','001',1050),(1062,'2019-02-22 00:00:00','001',1310),(1063,'2019-02-22 00:00:00','002',550),(1064,'2019-02-22 00:00:00','001',160),(1065,'2019-02-24 00:00:00','001',2500),(1066,'2019-02-24 00:00:00','001',700),(1067,'2019-02-23 00:00:00','003',410),(1068,'2019-02-23 00:00:00','001',210),(1069,'2019-02-20 00:00:00','001',270),(1070,'2019-02-21 00:00:00','001',310),(1071,'2019-02-21 00:00:00','001',480),(1072,'2019-02-20 00:00:00','001',570),(1073,'2019-02-20 00:00:00','001',280),(1074,'2019-02-16 00:00:00','012',1300),(1075,'2019-02-17 00:00:00','001',1500),(1076,'2019-02-17 00:00:00','003',890),(1077,'2019-02-13 00:00:00','001',280),(1078,'2019-02-13 00:00:00','001',340),(1079,'2019-02-16 00:00:00','001',210),(1080,'2019-02-16 00:00:00','001',1890),(1081,'2019-02-14 00:00:00','001',180),(1082,'2019-02-10 00:00:00','012',700),(1083,'2019-02-14 00:00:00','001',490),(1084,'2019-02-15 00:00:00','002',500),(1085,'2019-02-15 00:00:00','001',160),(1086,'2019-02-12 00:00:00','006',2890),(1087,'2019-02-11 00:00:00','001',1630),(1088,'2019-02-11 00:00:00','001',470),(1089,'2019-02-10 00:00:00','005',1860),(1090,'2019-02-10 00:00:00','001',1610),(1091,'2019-02-10 00:00:00','006',2160),(1092,'2019-02-10 00:00:00','001',750),(1093,'2019-02-07 00:00:00','001',450),(1094,'2019-02-10 00:00:00','001',2610),(1095,'2018-02-07 00:00:00','001',180),(1096,'2019-02-08 00:00:00','001',200),(1097,'2019-02-07 00:00:00','001',270),(1098,'2019-02-08 00:00:00','003',220),(1099,'2019-02-08 00:00:00','001',380),(1100,'2019-02-07 00:00:00','001',220),(1101,'2019-02-06 00:00:00','001',270),(1102,'2019-02-05 00:00:00','001',210),(1103,'2019-02-04 00:00:00','001',1910),(1104,'2019-02-03 00:00:00','003',860),(1105,'2019-02-03 00:00:00','003',790),(1106,'2019-02-03 00:00:00','003',1900),(1107,'2019-01-31 00:00:00','001',320),(1108,'2019-01-31 00:00:00','001',110),(1109,'2019-02-01 00:00:00','001',320),(1110,'2019-01-31 00:00:00','001',120),(1111,'2019-02-01 00:00:00','001',380),(1112,'2019-02-01 00:00:00','001',380),(1113,'2019-01-26 00:00:00','005',1520),(1114,'2019-02-13 00:00:00','009',8520),(1115,'2019-01-28 00:00:00','010',5430),(1116,'2019-03-26 00:00:00','010',3590),(1117,'2019-03-31 00:00:00','001',120),(1118,'2019-03-31 00:00:00','001',460),(1119,'2019-03-31 00:00:00','004',11660),(1120,'2019-03-29 00:00:00','001',780),(1121,'2019-03-29 00:00:00','001',390),(1122,'2019-03-28 00:00:00','001',1180),(1123,'2019-03-27 00:00:00','001',490),(1124,'2019-03-26 00:00:00','001',300),(1125,'2019-03-25 00:00:00','001',300),(1126,'2019-03-25 00:00:00','001',310),(1127,'2019-03-25 00:00:00','001',710),(1128,'2019-03-25 00:00:00','001',620),(1129,'2019-03-23 00:00:00','001',940),(1130,'2019-03-22 00:00:00','001',1060),(1131,'2019-03-22 00:00:00','001',600),(1132,'2019-03-18 00:00:00','001',230),(1133,'2019-05-07 00:00:00','002',290),(1134,'2019-05-07 00:00:00','002',380),(1135,'2019-05-06 00:00:00','001',110),(1136,'2019-05-07 00:00:00','002',350),(1137,'2019-05-07 00:00:00','002',700),(1138,'2019-05-07 00:00:00','001',230),(1139,'2019-05-07 00:00:00','008',2080),(1140,'2019-05-08 00:00:00','001',340),(1141,'2018-05-08 00:00:00','002',410),(1142,'2019-05-08 00:00:00','002',410),(1143,'2019-05-08 00:00:00','002',250),(1144,'2019-05-09 00:00:00','002',350),(1145,'2019-05-09 00:00:00','001',90),(1146,'2019-05-08 00:00:00','001',230),(1147,'2019-05-08 00:00:00','004',2050),(1148,'2019-05-08 00:00:00','004',2520),(1149,'2019-05-08 00:00:00','002',1890),(1150,'2019-05-09 00:00:00','002',430),(1151,'2019-05-07 00:00:00','002',750),(1152,'2019-05-09 00:00:00','002',400);
/*!40000 ALTER TABLE `main` ENABLE KEYS */;
UNLOCK TABLES;
/*!40103 SET TIME_ZONE=@OLD_TIME_ZONE */;

/*!40101 SET SQL_MODE=@OLD_SQL_MODE */;
/*!40014 SET FOREIGN_KEY_CHECKS=@OLD_FOREIGN_KEY_CHECKS */;
/*!40014 SET UNIQUE_CHECKS=@OLD_UNIQUE_CHECKS */;
/*!40101 SET CHARACTER_SET_CLIENT=@OLD_CHARACTER_SET_CLIENT */;
/*!40101 SET CHARACTER_SET_RESULTS=@OLD_CHARACTER_SET_RESULTS */;
/*!40101 SET COLLATION_CONNECTION=@OLD_COLLATION_CONNECTION */;
/*!40111 SET SQL_NOTES=@OLD_SQL_NOTES */;

-- Dump completed on 2019-07-19  2:30:16
